agency,job level,staff,% female,min. salary,max. salary,chart size
Administrative Appeals Tribunal,APS1,1.0,1.0,48133.0,53195.0,0.5641895835477563
Administrative Appeals Tribunal,APS2,22.0,0.5454545454545454,54472.0,61278.0,2.6462837142006137
Administrative Appeals Tribunal,APS3,55.0,0.8,64502.0,66966.0,4.1841419359420025
Administrative Appeals Tribunal,APS4,317.0,0.6656151419558359,69149.0,75079.0,10.045109950630787
Administrative Appeals Tribunal,APS5,85.0,0.611764705882353,77124.0,81784.0,5.201570947860099
Administrative Appeals Tribunal,APS6,104.0,0.5961538461538461,83549.0,95686.0,5.753627391751592
Administrative Appeals Tribunal,EL1,72.0,0.6666666666666666,105822.0,124554.0,4.787307364817192
Administrative Appeals Tribunal,EL2,51.0,0.6078431372549019,126711.0,135857.0,4.029119531035698
Australian Building & Construction Commission,APS2,1.0,1.0,59449.0,65103.0,0.5641895835477563
Australian Building & Construction Commission,APS3,1.0,1.0,66896.0,72140.0,0.5641895835477563
Australian Building & Construction Commission,APS4,7.0,0.8571428571428571,74483.0,80828.0,1.4927053303604616
Australian Building & Construction Commission,APS5,2.0,0.5,83035.0,88000.0,0.7978845608028654
Australian Building & Construction Commission,APS6,9.0,0.5555555555555556,89930.0,103448.0,1.692568750643269
Australian Building & Construction Commission,EL1,8.0,0.375,114481.0,123587.0,1.5957691216057308
Australian Building & Construction Commission,EL2,6.0,0.16666666666666666,132000.0,154483.0,1.381976597885342
Australian Bureau of Statistics,APS1,1.0,1.0,46349.0,52805.0,0.5641895835477563
Australian Bureau of Statistics,APS2,128.0,0.6171875,53002.0,59763.0,6.383076486422923
Australian Bureau of Statistics,APS3,185.0,0.3621621621621622,60382.0,68065.0,7.673807981960539
Australian Bureau of Statistics,APS4,617.0,0.5299837925445705,68122.0,76624.0,14.01417852659937
Australian Bureau of Statistics,APS5,618.0,0.5760517799352751,76629.0,86073.0,14.02553063743339
Australian Bureau of Statistics,APS6,794.0,0.5201511335012594,86081.0,97214.0,15.89773724873857
Australian Bureau of Statistics,EL1,547.0,0.48628884826325414,105758.0,122254.0,13.195283541573993
Australian Bureau of Statistics,EL2,184.0,0.5380434782608695,132031.0,158836.0,7.653039857325812
Australian Competition & Consumer Commission,APS1,4.0,0.5,51996.0,57472.0,1.1283791670955126
Australian Competition & Consumer Commission,APS2,30.0,0.4666666666666667,58842.0,65250.0,3.0901936161855166
Australian Competition & Consumer Commission,APS3,24.0,0.625,67018.0,72339.0,2.763953195770684
Australian Competition & Consumer Commission,APS4,67.0,0.6119402985074627,74703.0,81109.0,4.61809077155419
Australian Competition & Consumer Commission,APS5,212.0,0.5990566037735849,83320.0,88348.0,8.214724333230155
Australian Competition & Consumer Commission,APS6,352.0,0.5738636363636364,92228.0,103370.0,10.585134856802455
Australian Competition & Consumer Commission,EL1,434.0,0.5898617511520737,114589.0,126815.0,11.753573524837677
Australian Competition & Consumer Commission,EL2,296.0,0.5506756756756757,132847.0,155684.0,9.706684619910241
Australian Centre for International Agricultural Research,APS4,5.0,0.4,72164.0,76080.0,1.2615662610100802
Australian Centre for International Agricultural Research,APS5,12.0,0.9166666666666666,79643.0,82716.0,1.9544100476116797
Australian Centre for International Agricultural Research,APS6,11.0,1.0,87286.0,96486.0,1.8712051592547776
Australian Centre for International Agricultural Research,EL1,12.0,0.4166666666666667,110291.0,115917.0,1.9544100476116797
Australian Centre for International Agricultural Research,EL2,18.0,0.5,137573.0,149493.0,2.393653682408596
Australian Criminal Intelligence Commission,APS1,1.0,0.0,48985.0,54140.0,0.5641895835477563
Australian Criminal Intelligence Commission,APS2,1.0,0.0,56273.0,62399.0,0.5641895835477563
Australian Criminal Intelligence Commission,APS3,23.0,0.9130434782608695,65103.0,70266.0,2.7057581899030048
Australian Criminal Intelligence Commission,APS4,96.0,0.6458333333333334,71560.0,77699.0,5.527906391541368
Australian Criminal Intelligence Commission,APS5,105.0,0.6761904761904762,79234.0,84019.0,5.781222885281108
Australian Criminal Intelligence Commission,APS6,145.0,0.6758620689655173,86452.0,97832.0,6.793742230659745
Australian Criminal Intelligence Commission,EL1,333.0,0.38738738738738737,108995.0,131404.0,10.295493776366547
Australian Criminal Intelligence Commission,EL2,75.0,0.4266666666666667,136177.0,153430.0,4.886025119029199
Australian Commission for Law Enforcement Integrity,APS3,1.0,0.0,62261.0,67198.0,0.5641895835477563
Australian Commission for Law Enforcement Integrity,APS4,6.0,0.5,69388.0,75344.0,1.381976597885342
Australian Commission for Law Enforcement Integrity,APS5,13.0,0.6923076923076923,77397.0,82070.0,2.0342144725641096
Australian Commission for Law Enforcement Integrity,APS6,27.0,0.5925925925925926,83589.0,96023.0,2.9316150714175193
Australian Commission for Law Enforcement Integrity,EL1,38.0,0.3684210526315789,106617.0,129566.0,3.477898169151024
Australian Commission for Law Enforcement Integrity,EL2,15.0,0.4,131070.0,147689.0,2.1850968611841584
Australian Communications & Media Authority,APS2,2.0,0.0,56096.0,61879.0,0.7978845608028654
Australian Communications & Media Authority,APS3,9.0,0.5555555555555556,63748.0,69324.0,1.692568750643269
Australian Communications & Media Authority,APS4,24.0,0.5833333333333334,71401.0,77612.0,2.763953195770684
Australian Communications & Media Authority,APS5,42.0,0.4523809523809524,79557.0,85899.0,3.656366395715726
Australian Communications & Media Authority,APS6,144.0,0.5486111111111112,87686.0,99024.0,6.770275002573076
Australian Communications & Media Authority,EL1,212.0,0.589622641509434,106545.0,120152.0,8.214724333230155
Australian Communications & Media Authority,EL2,64.0,0.46875,128896.0,152477.0,4.51351666838205
Aged Care Quality & Safety Commission,APS3,11.0,0.9090909090909091,63843.0,70765.0,1.8712051592547776
Aged Care Quality & Safety Commission,APS4,53.0,0.7169811320754716,72331.0,76427.0,4.1073621666150775
Aged Care Quality & Safety Commission,APS5,121.0,0.7355371900826446,77528.0,83844.0,6.206085419025319
Aged Care Quality & Safety Commission,APS6,506.0,0.7391304347826086,86790.0,97912.0,12.69113085619237
Aged Care Quality & Safety Commission,EL1,204.0,0.696078431372549,106653.0,121639.0,8.058239062071396
Aged Care Quality & Safety Commission,EL2,52.0,0.5384615384615384,127247.0,150654.0,4.068428945128219
Australian Commission on Safety & Quality in Health Care,APS4,1.0,1.0,73699.0,77872.0,0.5641895835477563
Australian Commission on Safety & Quality in Health Care,APS5,2.0,0.5,78994.0,85429.0,0.7978845608028654
Australian Commission on Safety & Quality in Health Care,APS6,21.0,0.7619047619047619,88431.0,99763.0,2.5854414729132054
Australian Commission on Safety & Quality in Health Care,EL1,37.0,0.8648648648648649,108669.0,123939.0,3.431831258788849
Australian Commission on Safety & Quality in Health Care,EL2,26.0,0.6538461538461539,129652.0,153502.0,2.876813695875796
Australian Digital Health Agency,APS4,18.0,0.8333333333333334,73490.0,77651.0,2.393653682408596
Australian Digital Health Agency,APS5,29.0,0.8620689655172413,78770.0,85185.0,3.0382538898732494
Australian Digital Health Agency,APS6,91.0,0.5934065934065934,88178.0,99480.0,5.382025607773058
Australian Digital Health Agency,EL1,89.0,0.6179775280898876,108360.0,123586.0,5.322553886092406
Australian Digital Health Agency,EL2,35.0,0.6285714285714286,129284.0,153065.0,3.3377905890622728
Australian Electoral Commission,APS1,1185.0,0.8016877637130801,49404.0,54604.0,19.42156572287085
Australian Electoral Commission,APS2,147.0,0.8299319727891157,55913.0,62004.0,6.840435166640879
Australian Electoral Commission,APS3,103.0,0.7766990291262136,63686.0,69793.0,5.725898905580716
Australian Electoral Commission,APS4,123.0,0.7479674796747967,70982.0,77785.0,6.257165172872317
Australian Electoral Commission,APS5,133.0,0.5639097744360902,79169.0,86763.0,6.506551687525748
Australian Electoral Commission,APS6,212.0,0.6462264150943396,87635.0,98223.0,8.214724333230155
Australian Electoral Commission,EL1,154.0,0.6428571428571429,109443.0,123331.0,7.001408606295148
Australian Electoral Commission,EL2,53.0,0.6792452830188679,129391.0,151927.0,4.1073621666150775
Australian Fisheries Management Authority,APS2,16.0,0.0625,59396.0,63396.0,2.256758334191025
Australian Fisheries Management Authority,APS3,8.0,0.25,65016.0,70661.0,1.5957691216057308
Australian Fisheries Management Authority,APS4,17.0,0.6470588235294118,73480.0,78562.0,2.326213245840639
Australian Fisheries Management Authority,APS5,10.0,0.7,80981.0,85770.0,1.7841241161527712
Australian Fisheries Management Authority,APS6,62.0,0.45161290322580644,90556.0,100139.0,4.442433223290478
Australian Fisheries Management Authority,EL1,35.0,0.5142857142857142,111397.0,123812.0,3.3377905890622728
Australian Fisheries Management Authority,EL2,19.0,0.3157894736842105,130692.0,152367.0,2.4592453796829674
Australian Financial Security Authority,APS2,5.0,1.0,55973.67,62067.29,1.2615662610100802
Australian Financial Security Authority,APS3,48.0,0.6875,63753.74,68806.96,3.9088200952233594
Australian Financial Security Authority,APS4,47.0,0.5957446808510638,71054.87,77147.47,3.8678889139475245
Australian Financial Security Authority,APS5,59.0,0.7288135593220338,79253.74,85594.98,4.3336224206596095
Australian Financial Security Authority,APS6,129.0,0.6511627906976745,87725.71,98327.39,6.407961869245868
Australian Financial Security Authority,EL1,83.0,0.5662650602409639,104507.62,123022.85,5.140011726956917
Australian Financial Security Authority,EL2,14.0,0.5714285714285714,126560.82,149794.02,2.111004122822376
Attorney-General's Department,APS1,1.0,0.0,49499.0,54704.0,0.5641895835477563
Attorney-General's Department,APS2,9.0,0.4444444444444444,56019.0,62119.0,1.692568750643269
Attorney-General's Department,APS3,132.0,0.7121212121212122,62554.0,67511.0,6.4820448144285745
Attorney-General's Department,APS4,212.0,0.7264150943396226,69716.0,75695.0,8.214724333230155
Attorney-General's Department,APS5,249.0,0.7630522088353414,77762.0,82456.0,8.902761462589227
Attorney-General's Department,APS6,474.0,0.7341772151898734,88433.0,98646.0,12.283276682185287
Attorney-General's Department,EL1,623.0,0.6982343499197432,107150.0,130375.0,14.082153922340915
Attorney-General's Department,EL2,344.0,0.7063953488372093,130375.0,148494.0,10.464157913908982
Aboriginal Hostels Limited,APS1,1.0,1.0,48863.0,48863.0,0.5641895835477563
Aboriginal Hostels Limited,APS2,314.0,0.6369426751592356,52893.0,54690.0,9.997464891746821
Aboriginal Hostels Limited,APS3,73.0,0.5616438356164384,59814.0,60627.0,4.820437914901168
Aboriginal Hostels Limited,APS4,24.0,0.625,67366.0,67974.0,2.763953195770684
Aboriginal Hostels Limited,APS5,18.0,0.7222222222222222,75040.0,79671.0,2.393653682408596
Aboriginal Hostels Limited,APS6,22.0,0.6363636363636364,82715.0,86978.0,2.6462837142006137
Aboriginal Hostels Limited,EL1,11.0,0.45454545454545453,104763.0,108169.0,1.8712051592547776
Aboriginal Hostels Limited,EL2,9.0,0.5555555555555556,124498.0,127769.0,1.692568750643269
Australian Human Rights Commission,APS4,22.0,0.7727272727272727,69513.0,76955.0,2.6462837142006137
Australian Human Rights Commission,APS5,17.0,0.8823529411764706,77533.0,85383.0,2.326213245840639
Australian Human Rights Commission,APS6,35.0,0.8,85826.0,98079.0,3.3377905890622728
Australian Human Rights Commission,EL1,35.0,0.7142857142857143,107355.0,120035.0,3.3377905890622728
Australian Human Rights Commission,EL2,18.0,0.8888888888888888,129072.0,151691.0,2.393653682408596
Australian Institute of Aboriginal & Torres Strait Islander Studies,APS2,1.0,1.0,50183.0,55941.0,0.5641895835477563
Australian Institute of Aboriginal & Torres Strait Islander Studies,APS3,3.0,0.6666666666666666,57113.0,62016.0,0.9772050238058398
Australian Institute of Aboriginal & Torres Strait Islander Studies,APS4,29.0,0.4482758620689655,63703.0,69535.0,3.0382538898732494
Australian Institute of Aboriginal & Torres Strait Islander Studies,APS5,19.0,0.6842105263157895,70960.0,75739.0,2.4592453796829674
Australian Institute of Aboriginal & Torres Strait Islander Studies,APS6,31.0,0.6451612903225806,77912.0,88620.0,3.141274657157109
Australian Institute of Aboriginal & Torres Strait Islander Studies,EL1,33.0,0.5757575757575758,97230.0,106655.0,3.2410224072142872
Australian Institute of Aboriginal & Torres Strait Islander Studies,EL2,15.0,0.4666666666666667,115545.0,129115.0,2.1850968611841584
Australian Institute of Family Studies,APS3,3.0,1.0,61121.0,67177.0,0.9772050238058398
Australian Institute of Family Studies,APS4,6.0,1.0,68121.0,73964.0,1.381976597885342
Australian Institute of Family Studies,APS5,11.0,0.8181818181818182,76481.0,82459.0,1.8712051592547776
Australian Institute of Family Studies,APS6,30.0,0.8,84555.0,94264.0,3.0901936161855166
Australian Institute of Family Studies,EL1,25.0,0.68,105201.0,116176.0,2.8209479177387813
Australian Institute of Family Studies,EL2,17.0,0.7058823529411765,123324.0,144578.0,2.326213245840639
Australian Institute of Health & Welfare,APS2,1.0,1.0,56778.0,62194.0,0.5641895835477563
Australian Institute of Health & Welfare,APS3,18.0,0.8333333333333334,64575.0,70654.0,2.393653682408596
Australian Institute of Health & Welfare,APS4,38.0,0.6842105263157895,72379.0,78392.0,3.477898169151024
Australian Institute of Health & Welfare,APS5,67.0,0.6716417910447762,80693.0,86430.0,4.61809077155419
Australian Institute of Health & Welfare,APS6,145.0,0.6482758620689655,90505.0,100051.0,6.793742230659745
Australian Institute of Health & Welfare,EL1,180.0,0.6944444444444444,110698.0,123486.0,7.569397566060481
Australian Institute of Health & Welfare,EL2,57.0,0.7368421052631579,135473.0,152248.0,4.259537945889915
Australian Law Reform Commission,APS3,4.0,1.0,65838.0,71942.0,1.1283791670955126
Australian Law Reform Commission,APS5,1.0,1.0,83402.0,88479.0,0.5641895835477563
Australian Law Reform Commission,APS6,2.0,1.0,91134.0,105648.0,0.7978845608028654
Australian Law Reform Commission,EL1,2.0,0.0,110931.0,128602.0,0.7978845608028654
Australian Law Reform Commission,EL2,3.0,0.3333333333333333,149082.0,158160.0,0.9772050238058398
Australian National Audit Office,APS2,6.0,0.16666666666666666,60559.0,65926.0,1.381976597885342
Australian National Audit Office,APS3,37.0,0.6486486486486487,65927.0,71298.0,3.431831258788849
Australian National Audit Office,APS4,36.0,0.3888888888888889,71669.0,78768.0,3.385137501286538
Australian National Audit Office,APS5,60.0,0.55,82318.0,89701.0,4.370193722368317
Australian National Audit Office,APS6,76.0,0.6052631578947368,91199.0,104820.0,4.918490759365935
Australian National Audit Office,EL1,66.0,0.5606060606060606,111928.0,126131.0,4.583497844237541
Australian National Audit Office,EL2,77.0,0.5324675324675324,128531.0,160410.0,4.950743503369154
Australian National Maritime Museum,APS2,1.0,0.0,51835.0,57698.0,0.5641895835477563
Australian National Maritime Museum,APS3,5.0,0.6,58103.0,63968.0,1.2615662610100802
Australian National Maritime Museum,APS4,19.0,0.5263157894736842,64756.0,71715.0,2.4592453796829674
Australian National Maritime Museum,APS5,16.0,0.75,72228.0,77967.0,2.256758334191025
Australian National Maritime Museum,APS6,27.0,0.5185185185185185,78009.0,91404.0,2.9316150714175193
Australian National Maritime Museum,EL1,26.0,0.38461538461538464,100005.0,110150.0,2.876813695875796
Australian National Maritime Museum,EL2,12.0,0.4166666666666667,115344.0,130768.0,1.9544100476116797
Australian Public Service Commission,APS1,3.0,0.3333333333333333,48729.0,50409.0,0.9772050238058398
Australian Public Service Commission,APS2,3.0,0.6666666666666666,55673.0,62100.0,0.9772050238058398
Australian Public Service Commission,APS3,11.0,0.7272727272727273,64859.0,66878.0,1.8712051592547776
Australian Public Service Commission,APS4,19.0,0.6842105263157895,71429.0,76885.0,2.4592453796829674
Australian Public Service Commission,APS5,33.0,0.8484848484848485,80148.0,87650.0,3.2410224072142872
Australian Public Service Commission,APS6,85.0,0.7647058823529411,91250.0,99064.0,5.201570947860099
Australian Public Service Commission,EL1,152.0,0.7171052631578947,111086.0,127318.0,6.955796338302048
Australian Public Service Commission,EL2,57.0,0.5614035087719298,139290.0,156591.0,4.259537945889915
Australian Pesticides & Veterinary Medicines Authority,APS3,1.0,0.0,64431.0,72596.0,0.5641895835477563
Australian Pesticides & Veterinary Medicines Authority,APS4,20.0,0.75,73109.0,80544.0,2.5231325220201604
Australian Pesticides & Veterinary Medicines Authority,APS5,38.0,0.631578947368421,83021.0,91208.0,3.477898169151024
Australian Pesticides & Veterinary Medicines Authority,APS6,59.0,0.5932203389830508,94381.0,105360.0,4.3336224206596095
Australian Pesticides & Veterinary Medicines Authority,EL1,53.0,0.4339622641509434,114204.0,128605.0,4.1073621666150775
Australian Pesticides & Veterinary Medicines Authority,EL2,24.0,0.4166666666666667,134031.0,153762.0,2.763953195770684
Australian Research Council,APS2,1.0,1.0,55674.0,60481.0,0.5641895835477563
Australian Research Council,APS3,4.0,1.0,62177.0,65706.0,1.1283791670955126
Australian Research Council,APS4,14.0,0.7857142857142857,69900.0,73868.0,2.111004122822376
Australian Research Council,APS5,26.0,0.7307692307692307,75938.0,80251.0,2.876813695875796
Australian Research Council,APS6,46.0,0.717391304347826,84076.0,93895.0,3.826519928662906
Australian Research Council,EL1,55.0,0.6727272727272727,107385.0,115640.0,4.1841419359420025
Australian Research Council,EL2,24.0,0.5,128849.0,145238.0,2.763953195770684
Australian Radiation Protection & Nuclear Safety Agency,APS2,3.0,1.0,58456.0,64172.0,0.9772050238058398
Australian Radiation Protection & Nuclear Safety Agency,APS3,12.0,0.75,66560.0,74475.0,1.9544100476116797
Australian Radiation Protection & Nuclear Safety Agency,APS4,5.0,1.0,76711.0,80160.0,1.2615662610100802
Australian Radiation Protection & Nuclear Safety Agency,APS5,17.0,0.5882352941176471,82564.0,86687.0,2.326213245840639
Australian Radiation Protection & Nuclear Safety Agency,APS6,45.0,0.4,89288.0,102130.0,3.7846987830302403
Australian Radiation Protection & Nuclear Safety Agency,EL1,45.0,0.37777777777777777,110305.0,126917.0,3.7846987830302403
Australian Radiation Protection & Nuclear Safety Agency,EL2,17.0,0.35294117647058826,134786.0,153061.0,2.326213245840639
Asbestos Safety & Eradication Agency,APS3,1.0,1.0,66161.0,68912.0,0.5641895835477563
Asbestos Safety & Eradication Agency,APS5,1.0,1.0,79462.0,84952.0,0.5641895835477563
Asbestos Safety & Eradication Agency,APS6,5.0,0.8,89332.0,98235.0,1.2615662610100802
Asbestos Safety & Eradication Agency,EL1,7.0,1.0,109849.0,121406.0,1.4927053303604616
Asbestos Safety & Eradication Agency,EL2,4.0,0.5,129265.0,155166.0,1.1283791670955126
Australian Skills Quality Authority,APS4,18.0,0.6111111111111112,71747.0,75886.0,2.393653682408596
Australian Skills Quality Authority,APS5,31.0,0.6774193548387096,78707.0,83760.0,3.141274657157109
Australian Skills Quality Authority,APS6,67.0,0.7313432835820896,89459.0,96855.0,4.61809077155419
Australian Skills Quality Authority,EL1,49.0,0.7755102040816326,109098.0,119701.0,3.949327084834294
Australian Skills Quality Authority,EL2,22.0,0.5,132945.0,152988.0,2.6462837142006137
Australian Taxation Office,APS1,275.0,0.7236363636363636,50977.0,56299.0,9.356025796273888
Australian Taxation Office,APS2,1636.0,0.6234718826405868,57645.0,63887.0,22.820056393372074
Australian Taxation Office,APS3,2617.0,0.6071837982422621,65609.0,70784.0,28.86203340277639
Australian Taxation Office,APS4,2994.0,0.6128924515698063,73086.0,79323.0,30.871018759254923
Australian Taxation Office,APS5,1801.0,0.5735702387562466,81478.0,86376.0,23.943184938871582
Australian Taxation Office,APS6,4383.0,0.5642254163814738,87972.0,101008.0,37.35173665498774
Australian Taxation Office,EL1,3999.0,0.5223805951487872,112682.0,122848.0,35.6780217339608
Australian Taxation Office,EL2,1758.0,0.48179749715585896,135609.0,153703.0,23.655628926560038
Australian Transport Safety Bureau,APS5,13.0,0.5384615384615384,77771.0,83975.0,2.0342144725641096
Australian Transport Safety Bureau,APS6,15.0,0.6,85956.0,98104.0,2.1850968611841584
Australian Transport Safety Bureau,EL1,32.0,0.34375,108061.0,119283.0,3.1915382432114616
Australian Transport Safety Bureau,EL2,48.0,0.1875,128415.0,146568.0,3.9088200952233594
Australian Transaction Reports & Analysis Centre,APS4,22.0,0.7727272727272727,72495.0,80333.0,2.6462837142006137
Australian Transaction Reports & Analysis Centre,APS5,77.0,0.5454545454545454,81312.0,89149.0,4.950743503369154
Australian Transaction Reports & Analysis Centre,APS6,220.0,0.6181818181818182,91107.0,103791.0,8.368283871884005
Australian Transaction Reports & Analysis Centre,EL1,127.0,0.5984251968503937,111340.0,126751.0,6.358093703724522
Australian Transaction Reports & Analysis Centre,EL2,47.0,0.40425531914893614,129776.0,153330.0,3.8678889139475245
Australian Trade & Investment Commission,APS3,15.0,0.5333333333333333,61068.0,68696.0,2.1850968611841584
Australian Trade & Investment Commission,APS4,63.0,0.7619047619047619,71441.0,77633.0,4.478115991081385
Australian Trade & Investment Commission,APS5,44.0,0.7272727272727273,80737.0,87472.0,3.742410318509555
Australian Trade & Investment Commission,APS6,193.0,0.6321243523316062,91125.0,98935.0,7.837972188868215
Australian Trade & Investment Commission,EL1,316.0,0.5917721518987342,105366.0,118522.0,10.02925341359355
Australian Trade & Investment Commission,EL2,186.0,0.478494623655914,123261.0,166837.0,7.694520051971082
Australian War Memorial,APS3,65.0,0.6307692307692307,59569.0,64641.0,4.54864184146723
Australian War Memorial,APS4,43.0,0.6744186046511628,66656.0,72474.0,3.6996385101659595
Australian War Memorial,APS5,65.0,0.6307692307692307,73710.0,78945.0,4.54864184146723
Australian War Memorial,APS6,72.0,0.5416666666666666,82557.0,92371.0,4.787307364817192
Australian War Memorial,EL1,50.0,0.52,105098.0,113578.0,3.989422804014327
Australian War Memorial,EL2,22.0,0.5454545454545454,137055.0,152890.0,2.6462837142006137
Bureau of Meteorology,APS1,4.0,0.5,48022.0,53438.0,1.1283791670955126
Bureau of Meteorology,APS2,1.0,1.0,55448.0,60769.0,0.5641895835477563
Bureau of Meteorology,APS3,65.0,0.23076923076923078,61449.0,67299.0,4.54864184146723
Bureau of Meteorology,APS4,60.0,0.6666666666666666,68878.0,75532.0,4.370193722368317
Bureau of Meteorology,APS5,155.0,0.33548387096774196,76783.0,83683.0,7.024103669400641
Bureau of Meteorology,APS6,495.0,0.3717171717171717,84670.0,96267.0,12.552425807826008
Bureau of Meteorology,EL1,599.0,0.34891485809682804,103085.0,116115.0,13.808244704671576
Bureau of Meteorology,EL2,306.0,0.39869281045751637,125428.0,140871.0,9.869286963719311
Cancer Australia,APS4,1.0,1.0,74277.0,78482.0,0.5641895835477563
Cancer Australia,APS5,11.0,0.9090909090909091,80788.0,85270.0,1.8712051592547776
Cancer Australia,APS6,37.0,0.8108108108108109,89124.0,100547.0,3.431831258788849
Cancer Australia,EL1,15.0,0.8,109521.0,124912.0,2.1850968611841584
Cancer Australia,EL2,10.0,0.8,130671.0,154705.0,1.7841241161527712
Climate Change Authority,APS1,2.0,1.0,48862.0,52280.0,0.7978845608028654
Climate Change Authority,APS5,1.0,0.0,73125.0,78349.0,0.5641895835477563
Climate Change Authority,APS6,9.0,0.5555555555555556,79885.0,94633.0,1.692568750643269
Climate Change Authority,EL1,6.0,0.6666666666666666,98320.0,125259.0,1.381976597885342
Climate Change Authority,EL2,10.0,0.6,117369.0,157853.0,1.7841241161527712
Clean Energy Regulator,APS3,11.0,0.2727272727272727,66367.0,71843.0,1.8712051592547776
Clean Energy Regulator,APS4,46.0,0.5434782608695652,74580.0,78684.0,3.826519928662906
Clean Energy Regulator,APS5,81.0,0.6172839506172839,81422.0,85528.0,5.077706251929807
Clean Energy Regulator,APS6,102.0,0.5294117647058824,88950.0,101264.0,5.698035485213008
Clean Energy Regulator,EL1,87.0,0.4482758620689655,109474.0,124527.0,5.262410103554244
Clean Energy Regulator,EL2,35.0,0.4857142857142857,130686.0,153947.0,3.3377905890622728
Comcare,APS1,1.0,0.0,50060.0,54757.0,0.5641895835477563
Comcare,APS2,11.0,0.5454545454545454,56252.0,62289.0,1.8712051592547776
Comcare,APS3,34.0,0.5882352941176471,64202.0,69692.0,3.2897623212397704
Comcare,APS4,74.0,0.6756756756756757,71546.0,78248.0,4.853342309955121
Comcare,APS5,128.0,0.75,80681.0,86553.0,6.383076486422923
Comcare,APS6,215.0,0.6186046511627907,89922.0,99780.0,8.272643200907131
Comcare,EL1,152.0,0.5131578947368421,111215.0,132517.0,6.955796338302048
Comcare,EL2,48.0,0.5625,139138.0,157886.0,3.9088200952233594
"Department of Agriculture, Fisheries & Forestry",APS1,8.0,0.5,48952.0,51888.0,1.5957691216057308
"Department of Agriculture, Fisheries & Forestry",APS2,6.0,0.5,56208.0,63417.0,1.381976597885342
"Department of Agriculture, Fisheries & Forestry",APS3,125.0,0.472,63867.0,71444.0,6.3078313050504
"Department of Agriculture, Fisheries & Forestry",APS4,1855.0,0.48733153638814014,72002.0,78386.0,24.2994822757797
"Department of Agriculture, Fisheries & Forestry",APS5,703.0,0.604551920341394,78548.0,86168.0,14.959005648344574
"Department of Agriculture, Fisheries & Forestry",APS6,1193.0,0.5834031852472757,88408.0,100378.0,19.48701347608869
"Department of Agriculture, Fisheries & Forestry",EL1,992.0,0.5786290322580645,115663.0,124403.0,17.769732893161912
"Department of Agriculture, Fisheries & Forestry",EL2,464.0,0.5086206896551724,136118.0,158149.0,12.153015559492998
"Department of Climate Change, Energy, the Environment & Water",APS1,12.0,0.5,48952.0,51888.0,1.9544100476116797
"Department of Climate Change, Energy, the Environment & Water",APS2,133.0,0.42105263157894735,56208.0,63417.0,6.506551687525748
"Department of Climate Change, Energy, the Environment & Water",APS3,139.0,0.5539568345323741,63867.0,71444.0,6.651697090182843
"Department of Climate Change, Energy, the Environment & Water",APS4,386.0,0.49740932642487046,72002.0,78386.0,11.084566571000565
"Department of Climate Change, Energy, the Environment & Water",APS5,453.0,0.6335540838852097,78548.0,86168.0,12.008096370418468
"Department of Climate Change, Energy, the Environment & Water",APS6,961.0,0.5775234131113424,88408.0,100378.0,17.489877089980446
"Department of Climate Change, Energy, the Environment & Water",EL1,1045.0,0.583732057416268,115663.0,124403.0,18.238251864201825
"Department of Climate Change, Energy, the Environment & Water",EL2,473.0,0.5348837209302325,136118.0,158149.0,12.27031279816994
Department of Defence,APS1,58.0,0.3793103448275862,48764.0,54740.0,4.296739856991561
Department of Defence,APS2,347.0,0.48703170028818443,55187.0,62042.0,10.509687459947386
Department of Defence,APS3,1126.0,0.5772646536412078,62863.0,69265.0,18.931902488734416
Department of Defence,APS4,1590.0,0.6289308176100629,71207.0,77739.0,22.496949104983706
Department of Defence,APS5,2733.0,0.5239663373582144,78143.0,83700.0,29.494760872743147
Department of Defence,APS6,5196.0,0.46247113163972287,85607.0,97790.0,40.66863863729614
Department of Defence,EL1,4032.0,0.4382440476190476,108195.0,122044.0,35.82492792865108
Department of Defence,EL2,1954.0,0.34851586489252817,125622.0,150785.0,24.93947709161375
Department of Education,APS2,25.0,0.56,60736.0,64722.0,2.8209479177387813
Department of Education,APS3,24.0,0.25,67828.0,70648.0,2.763953195770684
Department of Education,APS4,149.0,0.6711409395973155,73783.0,78907.0,6.886811529393324
Department of Education,APS5,176.0,0.7045454545454546,81464.0,87093.0,7.48482063701911
Department of Education,APS6,303.0,0.7029702970297029,91584.0,100710.0,9.82078894558317
Department of Education,EL1,400.0,0.675,112617.0,124466.0,11.283791670955125
Department of Education,EL2,168.0,0.6309523809523809,132522.0,159076.0,7.312732791431452
Department of Employment & Workplace Relations,APS1,4.0,0.5,51711.0,56541.0,1.1283791670955126
Department of Employment & Workplace Relations,APS2,33.0,0.5454545454545454,60736.0,64722.0,3.2410224072142872
Department of Employment & Workplace Relations,APS3,69.0,0.5217391304347826,67828.0,70648.0,4.686510657907603
Department of Employment & Workplace Relations,APS4,256.0,0.6328125,73783.0,78907.0,9.0270333367641
Department of Employment & Workplace Relations,APS5,406.0,0.6551724137931034,81464.0,87093.0,11.368105109938904
Department of Employment & Workplace Relations,APS6,790.0,0.610126582278481,91584.0,100710.0,15.85764200898717
Department of Employment & Workplace Relations,EL1,1058.0,0.5803402646502835,112617.0,124466.0,18.351344898465904
Department of Employment & Workplace Relations,EL2,366.0,0.592896174863388,132522.0,159076.0,10.793582275744573
Department of Foreign Affairs & Trade,APS1,2.0,0.5,49767.0,54352.0,0.7978845608028654
Department of Foreign Affairs & Trade,APS2,1.0,1.0,57614.0,62219.0,0.5641895835477563
Department of Foreign Affairs & Trade,APS3,184.0,0.5760869565217391,65290.0,71163.0,7.653039857325812
Department of Foreign Affairs & Trade,APS4,194.0,0.6237113402061856,73162.0,77996.0,7.858251581595959
Department of Foreign Affairs & Trade,APS5,680.0,0.6705882352941176,80675.0,86207.0,14.712264360219255
Department of Foreign Affairs & Trade,APS6,841.0,0.5921521997621879,88949.0,100015.0,16.361497922884933
Department of Foreign Affairs & Trade,EL1,1736.0,0.5887096774193549,110767.0,123902.0,23.507147049675353
Department of Foreign Affairs & Trade,EL2,718.0,0.5543175487465181,133818.0,151133.0,15.117754405994354
Defence Housing Australia,APS3,70.0,0.6857142857142857,67368.0,74647.0,4.720348719413148
Defence Housing Australia,APS4,162.0,0.8271604938271605,75687.0,81840.0,7.1809610472257885
Defence Housing Australia,APS5,102.0,0.696078431372549,82880.0,90061.0,5.698035485213008
Defence Housing Australia,APS6,101.0,0.7128712871287128,91101.0,104732.0,5.670035141386943
Defence Housing Australia,EL1,90.0,0.5666666666666667,110587.0,134962.0,5.352372348458314
Defence Housing Australia,EL2,43.0,0.4186046511627907,137043.0,168624.0,3.6996385101659595
Office of the Director of Public Prosecutions,APS1,2.0,0.0,47481.0,53196.0,0.7978845608028654
Office of the Director of Public Prosecutions,APS2,1.0,0.0,54835.0,60291.0,0.5641895835477563
Office of the Director of Public Prosecutions,APS3,19.0,0.7894736842105263,60699.0,66746.0,2.4592453796829674
Office of the Director of Public Prosecutions,APS4,37.0,0.8648648648648649,67559.0,74738.0,3.431831258788849
Office of the Director of Public Prosecutions,APS5,58.0,0.6551724137931034,75260.0,81338.0,4.296739856991561
Office of the Director of Public Prosecutions,APS6,118.0,0.6440677966101694,82721.0,95027.0,6.128667601500942
Office of the Director of Public Prosecutions,EL1,119.0,0.7563025210084033,104773.0,114345.0,6.154581744998688
Office of the Director of Public Prosecutions,EL2,65.0,0.676923076923077,126242.0,142890.0,4.54864184146723
Department of Social Services,APS1,6.0,0.6666666666666666,48072.0,53795.0,1.381976597885342
Department of Social Services,APS2,6.0,0.5,56184.0,62520.0,1.381976597885342
Department of Social Services,APS3,49.0,0.6326530612244898,64930.0,70451.0,3.949327084834294
Department of Social Services,APS4,209.0,0.7751196172248804,73563.0,79070.0,8.156394191823509
Department of Social Services,APS5,748.0,0.75,80789.0,86277.0,15.430353037616328
Department of Social Services,APS6,746.0,0.7292225201072386,88490.0,99464.0,15.40971041561482
Department of Social Services,EL1,695.0,0.6964028776978417,110255.0,125152.0,14.873646859386387
Department of Social Services,EL2,325.0,0.6984615384615385,129952.0,153215.0,10.171072362820547
Digital Transformation Agency,APS4,14.0,0.7857142857142857,70087.0,75747.0,2.111004122822376
Digital Transformation Agency,APS5,17.0,0.7058823529411765,78138.0,85145.0,2.326213245840639
Digital Transformation Agency,APS6,54.0,0.5185185185185185,86162.0,101193.0,4.145929793656026
Digital Transformation Agency,EL1,78.0,0.5384615384615384,111534.0,123639.0,4.982787485166879
Digital Transformation Agency,EL2,47.0,0.44680851063829785,129390.0,153377.0,3.8678889139475245
Department of Veterans' Affairs,APS1,2.0,0.5,50230.0,56268.0,0.7978845608028654
Department of Veterans' Affairs,APS2,32.0,0.40625,58413.0,63894.0,3.1915382432114616
Department of Veterans' Affairs,APS3,250.0,0.684,65937.0,70832.0,8.920620580763856
Department of Veterans' Affairs,APS4,365.0,0.6767123287671233,74462.0,79419.0,10.778826859036359
Department of Veterans' Affairs,APS5,946.0,0.7124735729386892,83013.0,86511.0,17.35284277373209
Department of Veterans' Affairs,APS6,596.0,0.6661073825503355,91239.0,103605.0,13.773623058786647
Department of Veterans' Affairs,EL1,403.0,0.6476426799007444,114777.0,126039.0,11.32602684669552
Department of Veterans' Affairs,EL2,157.0,0.6305732484076433,138421.0,155800.0,7.069275219628611
Federal Court of Australia,APS1,1.0,0.0,47776.0,52800.0,0.5641895835477563
Federal Court of Australia,APS2,67.0,0.6865671641791045,54069.0,59959.0,4.61809077155419
Federal Court of Australia,APS3,44.0,0.6818181818181818,61586.0,66469.0,3.742410318509555
Federal Court of Australia,APS4,445.0,0.7393258426966293,68643.0,74529.0,11.901592303208293
Federal Court of Australia,APS5,282.0,0.7695035460992907,76560.0,81179.0,9.474354220939228
Federal Court of Australia,APS6,172.0,0.7441860465116279,82689.0,94985.0,7.399277020331919
Federal Court of Australia,EL1,213.0,0.7746478873239436,105834.0,114298.0,8.234075889688375
Federal Court of Australia,EL2,178.0,0.7078651685393258,122007.0,142988.0,7.527227892173502
Department of Finance,APS1,8.0,0.75,49910.0,57561.0,1.5957691216057308
Department of Finance,APS2,231.0,0.21212121212121213,57310.0,65586.0,8.574939283076915
Department of Finance,APS3,104.0,0.47115384615384615,63705.0,73485.0,5.753627391751592
Department of Finance,APS4,141.0,0.6453900709219859,71856.0,82012.0,6.699380116989518
Department of Finance,APS5,205.0,0.5804878048780487,80131.0,89912.0,8.07796550300118
Department of Finance,APS6,324.0,0.5833333333333334,88157.0,107593.0,10.155412503859614
Department of Finance,EL1,491.0,0.5478615071283096,114115.0,138191.0,12.501606061472312
Department of Finance,EL2,203.0,0.5467980295566502,139319.0,164021.0,8.03846421247924
Food Standards Australia New Zealand,APS4,6.0,0.8333333333333334,71048.0,78285.0,1.381976597885342
Food Standards Australia New Zealand,APS5,10.0,0.6,79243.0,85272.0,1.7841241161527712
Food Standards Australia New Zealand,APS6,34.0,0.6764705882352942,87718.0,99774.0,3.2897623212397704
Food Standards Australia New Zealand,EL1,43.0,0.6744186046511628,109721.0,122221.0,3.6996385101659595
Food Standards Australia New Zealand,EL2,17.0,0.47058823529411764,129527.0,159657.0,2.326213245840639
Fair Work Commission,APS2,2.0,0.5,59452.0,65110.0,0.7978845608028654
Fair Work Commission,APS3,1.0,1.0,66902.0,72144.0,0.5641895835477563
Fair Work Commission,APS4,59.0,0.7288135593220338,74488.0,80834.0,4.3336224206596095
Fair Work Commission,APS5,96.0,0.6354166666666666,83041.0,88007.0,5.527906391541368
Fair Work Commission,APS6,60.0,0.7,89938.0,103455.0,4.370193722368317
Fair Work Commission,EL1,43.0,0.6511627906976745,114492.0,123903.0,3.6996385101659595
Fair Work Commission,EL2,28.0,0.6071428571428571,132011.0,154496.0,2.985410660720923
Great Barrier Reef Marine Park Authority,APS2,4.0,1.0,54839.0,61642.0,1.1283791670955126
Great Barrier Reef Marine Park Authority,APS3,18.0,0.8333333333333334,62080.0,68037.0,2.393653682408596
Great Barrier Reef Marine Park Authority,APS4,26.0,0.8076923076923077,68875.0,75945.0,2.876813695875796
Great Barrier Reef Marine Park Authority,APS5,45.0,0.6666666666666666,76511.0,83957.0,3.7846987830302403
Great Barrier Reef Marine Park Authority,APS6,98.0,0.6020408163265306,84399.0,96029.0,5.585191925620057
Great Barrier Reef Marine Park Authority,EL1,47.0,0.6382978723404256,105516.0,115648.0,3.8678889139475245
Great Barrier Reef Marine Park Authority,EL2,14.0,0.42857142857142855,123577.0,146035.0,2.111004122822376
Department of Health & Aged Care,APS1,11.0,0.36363636363636365,48167.0,54096.0,1.8712051592547776
Department of Health & Aged Care,APS2,63.0,0.5714285714285714,56295.0,61432.0,4.478115991081385
Department of Health & Aged Care,APS3,112.0,0.7589285714285714,65056.0,72110.0,5.970821321441846
Department of Health & Aged Care,APS4,494.0,0.7631578947368421,73706.0,77879.0,12.539740179716349
Department of Health & Aged Care,APS5,776.0,0.7280927835051546,79002.0,85437.0,15.716503163191918
Department of Health & Aged Care,APS6,1664.0,0.7265625,88439.0,99772.0,23.014509567006368
Department of Health & Aged Care,EL1,1768.0,0.6957013574660633,108680.0,123951.0,23.722813466638858
Department of Health & Aged Care,EL2,770.0,0.6701298701298701,129665.0,153516.0,15.655625581928012
Department of Home Affairs,APS1,9.0,0.4444444444444444,47275.0,52385.0,1.692568750643269
Department of Home Affairs,APS2,591.0,0.544839255499154,52853.0,59461.0,13.715726110367628
Department of Home Affairs,APS3,2050.0,0.4585365853658537,60112.0,69064.0,25.544769849751454
Department of Home Affairs,APS4,2002.0,0.5814185814185814,69127.0,74562.0,25.243937730472023
Department of Home Affairs,APS5,2724.0,0.5550660792951542,75381.0,81196.0,29.44615645486938
Department of Home Affairs,APS6,3110.0,0.5559485530546624,81879.0,96873.0,31.463371498165753
Department of Home Affairs,EL1,2317.0,0.5217954251186879,103424.0,121292.0,27.157393215988957
Department of Home Affairs,EL2,820.0,0.4841463414634146,122547.0,159473.0,16.15593100600236
"Department of Industry, Science & Resources",APS1,97.0,0.5979381443298969,51179.0,56129.0,5.556622981616415
"Department of Industry, Science & Resources",APS2,38.0,0.5526315789473685,57889.0,64575.0,3.477898169151024
"Department of Industry, Science & Resources",APS3,91.0,0.5714285714285714,65011.0,70489.0,5.382025607773058
"Department of Industry, Science & Resources",APS4,342.0,0.6608187134502924,72967.0,78763.0,10.433694507453072
"Department of Industry, Science & Resources",APS5,581.0,0.5593803786574871,80250.0,84668.0,13.599192765483634
"Department of Industry, Science & Resources",APS6,1631.0,0.5064377682403434,91444.0,99167.0,22.785157984217765
"Department of Industry, Science & Resources",EL1,1330.0,0.5157894736842106,113231.0,120249.0,20.575523046193542
"Department of Industry, Science & Resources",EL2,557.0,0.4542190305206463,136550.0,147019.0,13.315352289908494
"Department of Infrastructure, Transport, Regional Development, Communications & the Arts",APS1,2.0,0.0,48557.0,53484.0,0.7978845608028654
"Department of Infrastructure, Transport, Regional Development, Communications & the Arts",APS2,48.0,0.4791666666666667,54992.0,60710.0,3.9088200952233594
"Department of Infrastructure, Transport, Regional Development, Communications & the Arts",APS3,31.0,0.7419354838709677,62740.0,67746.0,3.141274657157109
"Department of Infrastructure, Transport, Regional Development, Communications & the Arts",APS4,136.0,0.7279411764705882,69515.0,75541.0,6.579524642479541
"Department of Infrastructure, Transport, Regional Development, Communications & the Arts",APS5,288.0,0.6319444444444444,77607.0,82288.0,9.574614729634384
"Department of Infrastructure, Transport, Regional Development, Communications & the Arts",APS6,447.0,0.6286353467561522,85889.0,96267.0,11.92830747106036
"Department of Infrastructure, Transport, Regional Development, Communications & the Arts",EL1,635.0,0.5968503937007874,110321.0,116399.0,14.21712972884144
"Department of Infrastructure, Transport, Regional Development, Communications & the Arts",EL2,277.0,0.5379061371841155,130151.0,146259.0,9.389986074159536
Independent Parliamentary Expenses Authority,APS2,4.0,0.25,57871.0,66228.0,1.1283791670955126
Independent Parliamentary Expenses Authority,APS3,5.0,0.8,64329.0,74204.0,1.2615662610100802
Independent Parliamentary Expenses Authority,APS4,7.0,0.42857142857142855,72560.0,82815.0,1.4927053303604616
Independent Parliamentary Expenses Authority,APS5,13.0,0.7692307692307693,80917.0,90793.0,2.0342144725641096
Independent Parliamentary Expenses Authority,APS6,14.0,0.6428571428571429,89022.0,108649.0,2.111004122822376
Independent Parliamentary Expenses Authority,EL1,14.0,0.7142857142857143,115232.0,139545.0,2.111004122822376
Independent Parliamentary Expenses Authority,EL2,7.0,0.7142857142857143,140684.0,165628.0,1.4927053303604616
Murray-Darling Basin Authority,APS2,2.0,0.5,56154.0,61112.0,0.7978845608028654
Murray-Darling Basin Authority,APS3,1.0,1.0,64586.0,70165.0,0.5641895835477563
Murray-Darling Basin Authority,APS4,6.0,0.6666666666666666,72130.0,78360.0,1.381976597885342
Murray-Darling Basin Authority,APS5,26.0,0.7307692307692307,80988.0,89133.0,2.876813695875796
Murray-Darling Basin Authority,APS6,94.0,0.5531914893617021,92023.0,101281.0,5.4700209598571305
Murray-Darling Basin Authority,EL1,86.0,0.4418604651162791,110203.0,121238.0,5.232078956954491
Murray-Darling Basin Authority,EL2,55.0,0.38181818181818183,128195.0,151083.0,4.1841419359420025
National Archives of Australia,APS1,33.0,0.45454545454545453,48685.0,53565.0,3.2410224072142872
National Archives of Australia,APS2,10.0,0.5,55652.0,60707.0,1.7841241161527712
National Archives of Australia,APS3,31.0,0.6451612903225806,62532.0,67756.0,3.141274657157109
National Archives of Australia,APS4,74.0,0.6621621621621622,69677.0,75081.0,4.853342309955121
National Archives of Australia,APS5,64.0,0.578125,76821.0,82406.0,4.51351666838205
National Archives of Australia,APS6,84.0,0.6190476190476191,86648.0,96141.0,5.170882945826411
National Archives of Australia,EL1,55.0,0.6,107193.0,115369.0,4.1841419359420025
National Archives of Australia,EL2,22.0,0.7272727272727273,128631.0,139171.0,2.6462837142006137
National Blood Authority,APS4,13.0,0.8461538461538461,72820.0,76945.0,2.0342144725641096
National Blood Authority,APS5,7.0,0.7142857142857143,79204.0,83596.0,1.4927053303604616
National Blood Authority,APS6,18.0,0.7777777777777778,87374.0,98569.0,2.393653682408596
National Blood Authority,EL1,22.0,0.6363636363636364,107841.0,122482.0,2.6462837142006137
National Blood Authority,EL2,9.0,0.7777777777777778,128157.0,144389.0,1.692568750643269
National Capital Authority,APS2,4.0,0.5,51419.0,57163.0,1.1283791670955126
National Capital Authority,APS3,3.0,0.3333333333333333,58482.0,64050.0,0.9772050238058398
National Capital Authority,APS4,4.0,0.75,65552.0,71906.0,1.1283791670955126
National Capital Authority,APS5,6.0,0.6666666666666666,73079.0,77947.0,1.381976597885342
National Capital Authority,APS6,18.0,0.6666666666666666,80589.0,96679.0,2.393653682408596
National Capital Authority,EL1,13.0,0.6153846153846154,102031.0,112390.0,2.0342144725641096
National Capital Authority,EL2,11.0,0.7272727272727273,120433.0,154687.0,1.8712051592547776
National Disability Insurance Agency,APS2,5.0,0.4,53809.0,60720.0,1.2615662610100802
National Disability Insurance Agency,APS3,296.0,0.7432432432432432,61133.0,68468.0,9.706684619910241
National Disability Insurance Agency,APS4,1194.0,0.7537688442211056,69015.0,76602.0,19.495178996445407
National Disability Insurance Agency,APS5,1451.0,0.7684355616815989,77906.0,83868.0,21.491106180294217
National Disability Insurance Agency,APS6,1423.0,0.769501054111033,87002.0,96186.0,21.282738734465877
National Disability Insurance Agency,EL1,555.0,0.6936936936936937,108400.0,118643.0,13.291425312283248
National Disability Insurance Agency,EL2,279.0,0.6594982078853047,127766.0,145058.0,9.423823971471327
NDIS Quality & Safeguards Commission,APS1,1.0,1.0,48862.0,54376.0,0.5641895835477563
NDIS Quality & Safeguards Commission,APS3,11.0,0.6363636363636364,65631.0,71211.0,1.8712051592547776
NDIS Quality & Safeguards Commission,APS4,30.0,0.5666666666666667,74357.0,79924.0,3.0901936161855166
NDIS Quality & Safeguards Commission,APS5,94.0,0.6702127659574468,81661.0,87208.0,5.4700209598571305
NDIS Quality & Safeguards Commission,APS6,142.0,0.7394366197183099,89445.0,100537.0,6.723094811029982
NDIS Quality & Safeguards Commission,EL1,99.0,0.6565656565656566,111445.0,126503.0,5.613615477764332
NDIS Quality & Safeguards Commission,EL2,42.0,0.7142857142857143,131355.0,154869.0,3.656366395715726
National Emergency Management Agency,APS3,1.0,1.0,66088.0,68837.0,0.5641895835477563
National Emergency Management Agency,APS4,28.0,0.5714285714285714,71890.0,76884.0,2.985410660720923
National Emergency Management Agency,APS5,38.0,0.7894736842105263,79375.0,84859.0,3.477898169151024
National Emergency Management Agency,APS6,114.0,0.5964912280701754,87793.0,98660.0,6.023896332520351
National Emergency Management Agency,EL1,82.0,0.6829268292682927,112822.0,128586.0,5.108953969950291
National Emergency Management Agency,EL2,40.0,0.65,131317.0,156288.0,3.5682482323055424
National Faster Rail Agency,APS6,1.0,1.0,85889.0,96267.0,0.5641895835477563
National Faster Rail Agency,EL1,4.0,0.75,110321.0,116399.0,1.1283791670955126
National Faster Rail Agency,EL2,3.0,0.6666666666666666,130151.0,146259.0,0.9772050238058398
National Film & Sound Archive of Australia,APS2,8.0,0.5,54348.0,60010.0,1.5957691216057308
National Film & Sound Archive of Australia,APS3,31.0,0.5161290322580645,61803.0,68834.0,3.141274657157109
National Film & Sound Archive of Australia,APS4,29.0,0.3793103448275862,69736.0,74400.0,3.0382538898732494
National Film & Sound Archive of Australia,APS5,30.0,0.4,77337.0,81821.0,3.0901936161855166
National Film & Sound Archive of Australia,APS6,40.0,0.375,85168.0,95084.0,3.5682482323055424
National Film & Sound Archive of Australia,EL1,26.0,0.5,107660.0,115154.0,2.876813695875796
National Film & Sound Archive of Australia,EL2,15.0,0.8,127794.0,141745.0,2.1850968611841584
National Health Funding Body,APS5,6.0,0.5,79847.0,86350.0,1.381976597885342
National Health Funding Body,APS6,10.0,0.3,89385.0,100840.0,1.7841241161527712
National Health Funding Body,EL1,11.0,0.6363636363636364,109842.0,125277.0,1.8712051592547776
National Health Funding Body,EL2,3.0,0.3333333333333333,131052.0,155160.0,0.9772050238058398
National Health & Medical Research Council,APS3,1.0,1.0,63164.0,70011.0,0.5641895835477563
National Health & Medical Research Council,APS4,15.0,0.5333333333333333,71563.0,75612.0,2.1850968611841584
National Health & Medical Research Council,APS5,39.0,0.8461538461538461,77836.0,82152.0,3.523362819972964
National Health & Medical Research Council,APS6,66.0,0.8181818181818182,85866.0,96868.0,4.583497844237541
National Health & Medical Research Council,EL1,75.0,0.64,105820.0,120387.0,4.886025119029199
National Health & Medical Research Council,EL2,26.0,0.5769230769230769,125891.0,149049.0,2.876813695875796
National Indigenous Australians Agency,APS1,7.0,0.5714285714285714,50744.0,55485.0,1.4927053303604616
National Indigenous Australians Agency,APS2,5.0,0.6,59601.0,63512.0,1.2615662610100802
National Indigenous Australians Agency,APS3,32.0,0.75,66559.0,69328.0,3.1915382432114616
National Indigenous Australians Agency,APS4,110.0,0.7727272727272727,72403.0,77432.0,5.917270272703197
National Indigenous Australians Agency,APS5,177.0,0.7853107344632768,79941.0,85464.0,7.506054213402069
National Indigenous Australians Agency,APS6,358.0,0.7206703910614525,88419.0,99363.0,10.674967880691588
National Indigenous Australians Agency,EL1,490.0,0.6918367346938775,113627.0,129502.0,12.488868813069399
National Indigenous Australians Agency,EL2,210.0,0.6285714285714286,132252.0,157402.0,8.175883811466258
National Library of Australia,APS2,10.0,0.8,53696.0,60880.0,1.7841241161527712
National Library of Australia,APS3,45.0,0.7777777777777778,62176.0,67158.0,3.7846987830302403
National Library of Australia,APS4,77.0,0.7142857142857143,68293.0,73742.0,4.950743503369154
National Library of Australia,APS5,66.0,0.696969696969697,75996.0,81008.0,4.583497844237541
National Library of Australia,APS6,71.0,0.6901408450704225,85776.0,96529.0,4.753945931439391
National Library of Australia,EL1,78.0,0.5128205128205128,103560.0,123121.0,4.982787485166879
National Library of Australia,EL2,31.0,0.6774193548387096,126504.0,150281.0,3.141274657157109
National Museum of Australia,APS1,13.0,0.46153846153846156,46199.0,51061.0,2.0342144725641096
National Museum of Australia,APS2,50.0,0.54,52284.0,57980.0,3.989422804014327
National Museum of Australia,APS3,18.0,0.6111111111111112,59550.0,64275.0,2.393653682408596
National Museum of Australia,APS4,49.0,0.6938775510204082,67415.0,72067.0,3.949327084834294
National Museum of Australia,APS5,43.0,0.7209302325581395,74029.0,78500.0,3.6996385101659595
National Museum of Australia,APS6,57.0,0.7017543859649122,81948.0,91849.0,4.259537945889915
National Museum of Australia,EL1,39.0,0.6666666666666666,106354.0,114152.0,3.523362819972964
National Museum of Australia,EL2,20.0,0.65,124356.0,138149.0,2.5231325220201604
National Mental Health Commission,APS4,1.0,0.0,69949.0,76104.0,0.5641895835477563
National Mental Health Commission,APS5,2.0,1.0,77866.0,84466.0,0.7978845608028654
National Mental Health Commission,APS6,14.0,0.7142857142857143,88863.0,99863.0,2.111004122822376
National Mental Health Commission,EL1,17.0,0.8235294117647058,114197.0,130153.0,2.326213245840639
National Mental Health Commission,EL2,18.0,0.6666666666666666,132917.0,158193.0,2.393653682408596
National Portrait Gallery of Australia,APS2,2.0,1.0,56029.0,60618.0,0.7978845608028654
National Portrait Gallery of Australia,APS3,5.0,0.2,62568.0,67525.0,1.2615662610100802
National Portrait Gallery of Australia,APS4,6.0,1.0,69729.0,75711.0,1.381976597885342
National Portrait Gallery of Australia,APS5,7.0,0.8571428571428571,77618.0,83632.0,1.4927053303604616
National Portrait Gallery of Australia,APS6,14.0,0.6428571428571429,86550.0,101554.0,2.111004122822376
National Portrait Gallery of Australia,EL1,15.0,0.8,107527.0,126642.0,2.1850968611841584
National Portrait Gallery of Australia,EL2,4.0,0.5,130778.0,148521.0,1.1283791670955126
North Queensland Water Infrastructure Authority,EL1,1.0,0.0,110321.0,116399.0,0.5641895835477563
North Queensland Water Infrastructure Authority,EL2,1.0,0.0,130151.0,146259.0,0.5641895835477563
Office of the Australian Information Commissioner,APS2,7.0,0.8571428571428571,55621.0,60030.0,1.4927053303604616
Office of the Australian Information Commissioner,APS3,1.0,1.0,61658.0,66547.0,0.5641895835477563
Office of the Australian Information Commissioner,APS4,3.0,0.3333333333333333,70905.0,75339.0,0.9772050238058398
Office of the Australian Information Commissioner,APS5,23.0,0.7391304347826086,79048.0,83569.0,2.7057581899030048
Office of the Australian Information Commissioner,APS6,51.0,0.8431372549019608,87166.0,95986.0,4.029119531035698
Office of the Australian Information Commissioner,EL1,40.0,0.725,109852.0,117509.0,3.5682482323055424
Office of the Australian Information Commissioner,EL2,40.0,0.7,127597.0,145619.0,3.5682482323055424
Fair Work Ombudsman & Registered Organisations Commission Entity,APS2,3.0,1.0,61695.0,67520.0,0.9772050238058398
Fair Work Ombudsman & Registered Organisations Commission Entity,APS3,109.0,0.6422018348623854,69365.0,74767.0,5.890312181373172
Fair Work Ombudsman & Registered Organisations Commission Entity,APS4,105.0,0.6666666666666666,77180.0,83715.0,5.781222885281108
Fair Work Ombudsman & Registered Organisations Commission Entity,APS5,313.0,0.6357827476038339,85987.0,91102.0,9.981532666656284
Fair Work Ombudsman & Registered Organisations Commission Entity,APS6,222.0,0.6531531531531531,93090.0,107015.0,8.406235467365967
Fair Work Ombudsman & Registered Organisations Commission Entity,EL1,143.0,0.6643356643356644,118379.0,127756.0,6.746726148605861
Fair Work Ombudsman & Registered Organisations Commission Entity,EL2,56.0,0.5714285714285714,136421.0,159580.0,4.222008245644752
Office of the Inspector-General of Intelligence & Security,APS4,1.0,1.0,70966.0,77213.0,0.5641895835477563
Office of the Inspector-General of Intelligence & Security,APS5,3.0,1.0,78999.0,85694.0,0.9772050238058398
Office of the Inspector-General of Intelligence & Security,APS6,8.0,0.625,90155.0,101315.0,1.5957691216057308
Office of the Inspector-General of Intelligence & Security,EL1,22.0,0.5454545454545454,108902.0,121401.0,2.6462837142006137
Office of the Inspector-General of Intelligence & Security,EL2,7.0,0.7142857142857143,126753.0,144426.0,1.4927053303604616
Inspector-General of Taxation,APS6,17.0,0.4117647058823529,91542.0,110905.0,2.326213245840639
Inspector-General of Taxation,EL1,5.0,0.2,119407.0,136972.0,1.2615662610100802
Inspector-General of Taxation,EL2,4.0,0.5,145852.0,167388.0,1.1283791670955126
Office of the Commonwealth Ombudsman,APS3,2.0,0.0,62831.0,67814.0,0.7978845608028654
Office of the Commonwealth Ombudsman,APS4,77.0,0.5714285714285714,70027.0,76031.0,4.950743503369154
Office of the Commonwealth Ombudsman,APS5,63.0,0.6031746031746031,78102.0,82820.0,4.478115991081385
Office of the Commonwealth Ombudsman,APS6,85.0,0.6941176470588235,84360.0,96902.0,5.201570947860099
Office of the Commonwealth Ombudsman,EL1,65.0,0.6461538461538462,108142.0,116777.0,4.54864184146723
Office of the Commonwealth Ombudsman,EL2,23.0,0.782608695652174,125917.0,142721.0,2.7057581899030048
Office of National Intelligence,APS1,1.0,1.0,51720.0,56980.0,0.5641895835477563
Office of National Intelligence,APS2,2.0,0.5,58303.0,65544.0,0.7978845608028654
Office of National Intelligence,APS3,3.0,0.3333333333333333,66158.0,71263.0,0.9772050238058398
Office of National Intelligence,APS4,7.0,0.5714285714285714,73534.0,81068.0,1.4927053303604616
Office of National Intelligence,APS5,15.0,0.9333333333333333,81811.0,89060.0,2.1850968611841584
Office of National Intelligence,APS6,66.0,0.6060606060606061,91230.0,103805.0,4.583497844237541
Office of National Intelligence,EL1,83.0,0.5421686746987951,112565.0,127232.0,5.140011726956917
Office of National Intelligence,EL2,94.0,0.46808510638297873,129705.0,154591.0,5.4700209598571305
Office of Parliamentary Counsel,APS4,8.0,0.625,72226.0,78422.0,1.5957691216057308
Office of Parliamentary Counsel,APS5,21.0,0.8095238095238095,80558.0,85426.0,2.5854414729132054
Office of Parliamentary Counsel,APS6,17.0,0.7647058823529411,87010.0,99950.0,2.326213245840639
Office of Parliamentary Counsel,EL1,14.0,0.6428571428571429,110572.0,134262.0,2.111004122822376
Office of Parliamentary Counsel,EL2,22.0,0.4090909090909091,127190.0,153124.0,2.6462837142006137
Old Parliament House,APS2,1.0,1.0,54986.0,58287.0,0.5641895835477563
Old Parliament House,APS3,38.0,0.631578947368421,60234.0,65819.0,3.477898169151024
Old Parliament House,APS4,7.0,0.8571428571428571,67798.0,73133.0,1.4927053303604616
Old Parliament House,APS5,14.0,0.7142857142857143,74084.0,78591.0,2.111004122822376
Old Parliament House,APS6,21.0,0.7619047619047619,80953.0,93208.0,2.5854414729132054
Old Parliament House,EL1,12.0,0.75,99843.0,112864.0,1.9544100476116797
Old Parliament House,EL2,5.0,0.8,126537.0,148665.0,1.2615662610100802
Organ & Tissue Authority,APS5,1.0,1.0,80169.0,84616.0,0.5641895835477563
Organ & Tissue Authority,EL1,19.0,0.7894736842105263,108682.0,123953.0,2.4592453796829674
Organ & Tissue Authority,EL2,8.0,0.5,129669.0,153519.0,1.5957691216057308
Productivity Commission,APS3,13.0,0.6153846153846154,61018.0,74870.0,2.0342144725641096
Productivity Commission,APS4,11.0,0.5454545454545454,69110.0,84371.0,1.8712051592547776
Productivity Commission,APS5,14.0,0.7142857142857143,77439.0,89988.0,2.111004122822376
Productivity Commission,APS6,34.0,0.47058823529411764,84377.0,102944.0,3.2897623212397704
Productivity Commission,EL1,42.0,0.6428571428571429,106871.0,135338.0,3.656366395715726
Productivity Commission,EL2,44.0,0.4772727272727273,129581.0,162555.0,3.742410318509555
Department of the Prime Minister & Cabinet,APS1,4.0,0.75,50744.0,55485.0,1.1283791670955126
Department of the Prime Minister & Cabinet,APS2,31.0,0.6129032258064516,59601.0,63512.0,3.141274657157109
Department of the Prime Minister & Cabinet,APS3,32.0,0.71875,66559.0,69328.0,3.1915382432114616
Department of the Prime Minister & Cabinet,APS4,73.0,0.7123287671232876,72403.0,77432.0,4.820437914901168
Department of the Prime Minister & Cabinet,APS5,127.0,0.7401574803149606,79941.0,85464.0,6.358093703724522
Department of the Prime Minister & Cabinet,APS6,282.0,0.6666666666666666,88419.0,99363.0,9.474354220939228
Department of the Prime Minister & Cabinet,EL1,436.0,0.6880733944954128,113627.0,129502.0,11.780624362746345
Department of the Prime Minister & Cabinet,EL2,186.0,0.6666666666666666,132252.0,157402.0,7.694520051971082
Professional Services Review,APS4,4.0,0.5,70426.0,75606.0,1.1283791670955126
Professional Services Review,APS5,7.0,0.8571428571428571,76629.0,81048.0,1.4927053303604616
Professional Services Review,APS6,7.0,0.5714285714285714,84884.0,99717.0,1.4927053303604616
Professional Services Review,EL1,5.0,0.8,107254.0,119757.0,1.2615662610100802
Professional Services Review,EL2,7.0,0.5714285714285714,120151.0,148585.0,1.4927053303604616
Screen Australia,APS6,1.0,0.0,84910.0,96326.0,0.5641895835477563
Screen Australia,EL1,1.0,0.0,105820.0,117126.0,0.5641895835477563
Screen Australia,EL2,2.0,0.5,125754.0,145211.0,0.7978845608028654
Services Australia,APS1,58.0,0.5344827586206896,51471.0,55188.0,4.296739856991561
Services Australia,APS2,64.0,0.640625,57517.0,62074.0,4.51351666838205
Services Australia,APS3,6610.0,0.6981845688350984,63760.0,71062.0,45.869688768018214
Services Australia,APS4,11627.0,0.7555689343768814,71063.0,78735.0,60.83575467320952
Services Australia,APS5,3504.0,0.6675228310502284,79257.0,85523.0,33.396973533360814
Services Australia,APS6,5467.0,0.669105542344979,87735.0,101451.0,41.71570624796833
Services Australia,EL1,2827.0,0.5903784931022286,109738.0,121598.0,29.997700715914483
Services Australia,EL2,1028.0,0.5009727626459144,126991.0,151019.0,18.089294154193436
Sport Integrity Australia,APS1,164.0,0.4451219512195122,48862.0,50794.0,7.225151993843567
Sport Integrity Australia,APS2,7.0,1.0,53517.0,63194.0,1.4927053303604616
Sport Integrity Australia,APS3,45.0,0.5555555555555556,65280.0,73224.0,3.7846987830302403
Sport Integrity Australia,APS4,9.0,0.5555555555555556,77354.0,85060.0,1.692568750643269
Sport Integrity Australia,APS5,20.0,0.6,87260.0,94736.0,2.5231325220201604
Sport Integrity Australia,APS6,57.0,0.6140350877192983,98106.0,107069.0,4.259537945889915
Sport Integrity Australia,EL1,40.0,0.625,112719.0,122849.0,3.5682482323055424
Sport Integrity Australia,EL2,18.0,0.5,127429.0,153767.0,2.393653682408596
Safe Work Australia,APS2,1.0,0.0,61085.0,65129.0,0.5641895835477563
Safe Work Australia,APS4,9.0,0.7777777777777778,74195.0,79830.0,1.692568750643269
Safe Work Australia,APS5,17.0,0.5882352941176471,81947.0,87467.0,2.326213245840639
Safe Work Australia,APS6,27.0,0.7407407407407407,92051.0,101415.0,2.9316150714175193
Safe Work Australia,EL1,28.0,0.75,113149.0,125819.0,2.985410660720923
Safe Work Australia,EL2,15.0,0.6666666666666666,133335.0,159827.0,2.1850968611841584
Tertiary Education Quality & Standards Agency,APS4,4.0,0.75,71046.0,75986.0,1.1283791670955126
Tertiary Education Quality & Standards Agency,APS5,14.0,0.42857142857142855,78449.0,83868.0,2.111004122822376
Tertiary Education Quality & Standards Agency,APS6,45.0,0.7111111111111111,88192.0,96982.0,3.7846987830302403
Tertiary Education Quality & Standards Agency,EL1,26.0,0.5,108446.0,119859.0,2.876813695875796
Tertiary Education Quality & Standards Agency,EL2,9.0,0.6666666666666666,127615.0,153186.0,1.692568750643269
Treasury,APS1,5.0,0.2,51003.0,55385.0,1.2615662610100802
Treasury,APS2,73.0,0.589041095890411,58787.0,62681.0,4.820437914901168
Treasury,APS3,110.0,0.4090909090909091,66570.0,70457.0,5.917270272703197
Treasury,APS4,95.0,0.4842105263157895,74354.0,78243.0,5.499039842323396
Treasury,APS5,242.0,0.5991735537190083,83596.0,88949.0,8.77673016883152
Treasury,APS6,435.0,0.5080459770114942,94300.0,114243.0,11.767106717028996
Treasury,EL1,575.0,0.5078260869565218,123005.0,141099.0,13.528790949515026
Treasury,EL2,285.0,0.5298245614035088,150245.0,172429.0,9.52461639974967
Torres Strait Regional Authority,APS1,13.0,0.3076923076923077,48862.17,53204.62,2.0342144725641096
Torres Strait Regional Authority,APS2,21.0,0.42857142857142855,54482.72,60412.66,2.5854414729132054
Torres Strait Regional Authority,APS3,15.0,0.4666666666666667,62050.07,66972.56,2.1850968611841584
Torres Strait Regional Authority,APS4,12.0,0.9166666666666666,69156.92,75089.13,1.9544100476116797
Torres Strait Regional Authority,APS5,23.0,0.7391304347826086,77135.91,81794.58,2.7057581899030048
Torres Strait Regional Authority,APS6,24.0,0.7083333333333334,83311.46,95698.96,2.763953195770684
Torres Strait Regional Authority,EL1,20.0,0.65,106801.54,129949.37,2.5231325220201604
Torres Strait Regional Authority,EL2,4.0,0.25,129949.37,148008.69,1.1283791670955126
Workplace Gender Equality Agency,APS3,3.0,1.0,63795.0,68803.0,0.9772050238058398
Workplace Gender Equality Agency,APS4,3.0,0.0,70596.0,76622.0,0.9772050238058398
Workplace Gender Equality Agency,APS5,9.0,0.7777777777777778,79101.0,83815.0,1.692568750643269
Workplace Gender Equality Agency,APS6,9.0,0.8888888888888888,85234.0,97367.0,1.692568750643269
Workplace Gender Equality Agency,EL1,8.0,1.0,110238.0,118957.0,1.5957691216057308
Workplace Gender Equality Agency,EL2,6.0,0.6666666666666666,128392.0,146261.0,1.381976597885342
